id,first_name,last_name,email,gender,ip_address
1,Galen,Sultan,gsultan0@t.co,Male,121.163.35.80
2,Vinni,Liles,vliles1@php.net,Female,244.248.90.210
3,Sondra,Fronek,sfronek2@npr.org,Bigender,249.106.117.210
4,Doralin,Quan,dquan3@stumbleupon.com,Female,220.97.197.52
5,Erek,Delagnes,edelagnes4@google.com.au,Male,158.59.233.114
6,Francklin,Basindale,fbasindale5@boston.com,Male,212.45.236.250
7,Genna,Cranshaw,gcranshaw6@mail.ru,Female,54.192.180.103
8,Noby,Donnan,ndonnan7@amazon.co.uk,Male,14.246.139.102
9,Poul,Slade,pslade8@intel.com,Male,245.109.104.186
